{
  "maintenance": false,
  "message": "Mod Maintenance Break",
  "keys": {    
    "SykruCheats Cracked": {
      "status": "valid",
      "expiry": "2036-12-25T23:00:00"
    },         
    "@BOS_1": {
      "status": "valid",
      "expiry": "2026-01-10T00:00:00"
    },
    "BOS_2": {
      "status": "valid",
      "expiry": "2026-01-03T00:00:00"
    },
    "BOS_3": {
      "status": "valid",
      "expiry": "2026-01-12T00:00:00"
    },
    "BOS_4": {
      "status": "valid",
      "expiry": "2026-02-25T00:00:00"
    }
  }
}
